https://esra.fbkultur.uni-hamburg.de/explore/view?entity_id=1814,centroid,spread,skewness,kurtosis
0,1570.0457441613,984.34394301445,1.9572222603244,9.2936907328344
1,6958.1614557049,1476.2497439858,-2.8045709612611,12.690217852805
2,1322.6690656927,1172.0003345405,3.3302657675468,18.766058103864
3,1319.4824124813,1138.5273051583,3.2738432372872,18.787905894217
4,1315.6077167793,1165.5996718367,3.3592341509479,19.077703192941
5,1311.0098944865,1203.0858372238,3.4207873950509,19.047839655031
6,1314.1376872908,1129.3516918942,3.2954536502855,19.03367807509
7,1189.6515715502,1016.9513896278,3.9835528105977,21.242481007435
8,1241.3648754767,1922.9007493994,2.8745794187728,10.386658062282
9,820.39556290046,530.47505583416,8.345539467218,93.804190393681
10,345.90950293979,1010.2568424637,5.6410303010132,34.490084948746
11,720.3329987729,1583.7724075812,3.208782234989,12.473857206575
12,1129.0243998201,1847.1964424445,2.4748174846299,8.1307790650778
13,2580.76508286,2424.2430411825,0.78647067275208,2.4374762585029
14,585.28056123774,981.8193909502,3.1466587693321,15.46146088082
15,624.62558274631,1339.0090252512,3.7606405477285,17.359258075812
16,1267.6507438299,2201.7781838595,1.8688788478321,4.809954528623
17,636.71496742512,1126.8552928342,3.8761066174838,20.59861096431
18,377.53368581429,938.73985441984,5.5787431445292,35.544326486775
19,814.69724956176,1539.9857786579,3.3397813191795,13.24118385022
20,2715.408939221,2380.834523767,0.76341926971822,2.471952760543
21,317.6457216208,945.93563824693,6.0928090359609,39.78838154491
22,421.92333002998,1031.9574230409,5.3437135779566,32.319745489683
23,716.85749361419,1494.3115621315,3.4760345786178,14.241002583132
24,2221.3521507629,2382.0830782878,1.0094935788275,2.8429693688849
25,257.39804904718,693.99120297529,7.7199433146392,66.701845707444
26,613.94048805993,1289.1933243143,3.7987577809447,17.974444647405
27,1194.2972866284,2139.3721462618,1.9613808037353,5.1949036293971
28,607.61619301045,1098.5910718015,3.8771177793792,20.977329986086
29,394.76441894341,999.32267871727,5.278080426537,31.552211883798
30,678.30325177481,1398.3031745716,3.8650259701839,17.193692579169
31,2928.0851052904,2419.5065239887,0.63963696054329,2.2919036788045
32,2463.710369028,2294.9299197383,0.97227374856014,2.9281316608308
33,1098.8597344011,1629.0500369239,2.5707245565322,9.329430565914
34,475.04424326976,1112.1714369324,4.3839886758947,23.129546906049
35,1104.6806247723,1664.6892151445,2.6510587299453,9.9545353078055
36,705.76752412359,1427.9946089571,3.3391490634101,14.230128079882
37,942.40352704395,1581.3058203727,2.7453482653671,10.295025496378
38,2686.3649887436,2227.7971673571,0.77588528362971,2.6782792688012
39,411.29645190031,883.41732523904,4.6280729731813,28.115768665549
40,645.25129640464,1363.8197575513,3.6613498336724,16.497520985096
41,1383.3688537075,2287.9025278174,1.6856810193149,4.1494431845967
42,595.45699645636,1111.3359922353,3.9061982129337,20.768429630957
43,382.29563854293,956.00916670381,5.5922855981572,35.612798403255
44,732.86809520359,1439.9926711217,3.6544945965887,15.678775755862
45,2954.2408769257,2380.11102292,0.60813733926675,2.2566698199841
46,1099.0788970337,860.51693789589,3.1941234376142,17.414707367653
47,305.41652434457,916.39046386472,6.3314113373164,42.826973671652
48,438.14503167508,1068.6686123111,5.1551675737247,29.980015678088
49,746.39419381715,1556.7030737357,3.3336157087576,13.118763622961
50,2267.4118718981,2413.6416767546,0.97825746894934,2.756415226952
51,252.47814767401,671.14122440571,7.9509825286711,71.420515368632
52,640.1735136985,1329.0737968564,3.7406063348496,17.313630323677
53,1413.2643313542,2282.6574330082,1.6526398338398,4.0617425635874
54,661.09611992668,1136.9423119216,3.7822167677181,20.074298347143
55,409.31966027212,979.30545262036,5.3631892157018,32.93622630677
56,607.49995133248,1148.8575781173,4.5977263513301,25.00584150944
57,2839.5811694265,2403.9036956106,0.69646978951598,2.3328101458273
58,984.90125651831,633.03976501054,1.2963614680061,5.1662789587682
59,1045.7658548151,947.34062570879,2.3757591345014,12.453983116108
60,344.35383256941,1098.5380687259,5.5513722539576,33.082757833261
61,460.7458253235,878.16611692494,3.9432893528968,22.553656148408
62,537.28956625264,1061.5721015712,3.7897988169097,19.894853222214
63,878.24682287787,1037.7933433663,2.7415136828463,13.280181483659
64,1454.2302791866,2139.9504252093,1.6910569905389,4.7708824482548
65,506.51004779537,971.61939175265,3.7150870125592,20.015916264526
66,593.01586713531,987.14763626466,4.0761270073669,22.847491182341
67,1287.8257687666,1332.46115402,1.4610887318922,6.4845257806764
68,1296.5558260371,1348.7049317847,1.6723974737225,7.3023339385742
69,976.52290673137,919.50387466206,2.444431380121,13.762104197543
70,325.29595183641,794.86973106912,6.0355230836284,44.20029234431
71,834.88856170427,1291.7865641133,3.0128060837534,13.455176310605
72,2083.9423590238,2269.4720528523,1.1370519853408,3.2051336896775
73,644.10733720711,1125.6148209261,4.1683848530556,22.430730426838
74,301.5343096657,873.74679290187,6.4626485065481,45.344953415426
75,1306.9490751235,1102.6552484052,0.66540668731985,4.2311078471566
76,477.72400297948,1138.4313521779,4.7979581563615,26.525449799955
77,1510.9417145659,1051.1524934783,1.6930284744601,10.72651888435
78,2753.1859745653,2492.3881992596,0.69487185885899,2.2107518859199
79,258.85910343892,730.15656115026,7.5303101619786,62.627958352782
80,1107.9364673598,746.85240438168,2.0467724155076,14.346742111831
81,693.01304075144,1421.2368644733,3.4491678980454,14.688745829539
82,1764.7292834232,1662.6027836378,1.4226163747036,5.2759711958971
83,1398.9032289733,841.62914967182,1.8534748480622,12.962337367428
84,444.59256692335,1111.0715524237,4.7377327396043,25.826691791837
85,601.66753349574,1218.9798206087,4.2495993942161,21.697290835591
86,3020.1978281751,2345.9862920515,0.58637813328401,2.2708016271862
87,643.05291794265,1367.6458191016,3.7737773679591,17.42868164535
88,1619.6502986023,1998.4139279439,1.8016056965083,5.0533073986434
89,300.66757731546,904.18285012452,6.4180436875123,44.088952238058
90,890.24056729489,1754.6333340029,2.7692700260969,9.6299357945778
91,658.4453516396,951.57337914516,5.0369732361489,32.803012002136
92,2204.7742113775,2352.44198788,1.0381381026139,2.9576134893078
93,705.58123522461,1378.2418273095,3.6722035505127,18.321789512244
94,1334.8184151496,1330.3917040728,1.8740786649734,8.6726006506624
95,716.44313787167,1064.8817049148,3.878385286066,20.967120383844
96,1987.5413127756,2861.8123759743,1.1678493765178,2.6320562622545
97,1053.6553391312,1014.4263230495,2.3370280466102,11.776682728959
98,958.57495480561,849.03669242074,3.2317912678002,19.413832251356
99,428.60309311376,1075.9120297151,5.1143994835158,29.858233089096
100,615.7457639457,680.51586269735,6.4163214081094,55.100499390771
101,2940.6411396165,2414.6716450276,0.61594112240473,2.2416392074658
102,786.90757432905,585.07139332969,7.1362530346583,71.619080471139
103,417.48901293298,447.38369327394,9.6083024191991,138.99794201036
104,874.30316344947,995.1132601894,4.0317472727243,23.012449375709
105,322.8059329357,855.11433657406,6.1581615391594,43.279539873156
106,1594.3393243916,1009.6935292457,0.75921557147028,6.4464789581567
107,1106.2572993059,949.78650032866,1.4333516038633,7.7305778552343
108,2145.998837122,2291.9998464271,1.0994896400528,3.1751076395854
109,267.09549255479,728.59438085826,7.3069052984538,60.024280398735
110,993.8379540347,1053.26980589,2.9595578607575,15.482320742435
111,777.36537798033,1610.8841177024,3.0854329643236,11.891893881445
112,1724.7370068745,1552.9314284754,1.3331836165341,5.3965066393593
113,1142.9283794321,886.98748518789,2.0901739587011,12.870621023134
114,617.76788070731,1066.8338807616,3.3122037416079,16.758396548968
115,1004.3810315038,1188.2052184569,3.4974029863082,17.184343595681
116,3233.8822972369,2542.0755248932,0.45607673179108,1.9674902740519
117,1232.842486273,1268.7763296772,1.6189706539512,5.6349355548693
118,1933.2371814513,2127.210865373,1.3202932392641,3.9301469146802
119,1527.2002859493,1512.892458991,1.9759595033685,7.4685172568682
120,249.68419398472,688.71277279558,7.8377967886871,69.575497728433
121,697.60876210378,1087.8547331295,2.7381345877535,12.4482365267
122,1087.6587004988,1007.2478757868,2.0321595455639,10.770353090257
123,1578.9775166443,2158.8010876293,1.55962544581,4.393288211055
124,663.96986126758,942.48080001517,2.6377813120555,12.711954071642
125,370.52781693588,751.58178302236,6.5347575368396,52.909421499727
126,1728.7754032266,1268.7271825259,0.93616188996864,5.8338443541971
127,768.93469089632,920.97765883935,2.6752835436114,13.721373685625
128,1048.3482323002,946.12919471562,1.611178149493,9.2301498667462
129,2924.4824022612,2403.1766773196,0.64426447075485,2.3072789994205
130,1603.5478918151,1133.2015363533,1.994196302723,9.5019927493505
131,869.42102534836,735.59166696953,5.6138448080873,43.155436134885
132,299.04154512313,896.44754283587,6.4786953601858,44.843450499214
133,983.49695738951,1269.1171487893,2.9432000131583,13.528155300067
134,991.21192138492,2075.0955725074,2.5218495090069,7.8803540994023
135,1741.569773364,1065.2217175365,0.73794091246322,8.2149259711967
136,2410.1583735593,2458.559604362,0.89232354036721,2.529851188749
137,242.89539978345,649.43661350608,8.3977648255143,79.150322148572
138,928.50415416527,841.13549651019,2.7004648258768,14.679861606914
139,1026.8759903923,1040.747882511,2.706678730406,13.393242856896
140,1313.4663770272,1420.8848804123,1.9844711614912,7.1874533469331
141,1468.842052329,824.29610387302,1.9660701247375,11.946484957051
142,405.61071206012,1004.3408329182,5.1915559595606,30.829609812582
143,851.38350144622,1155.9574004489,3.3659591883964,16.191333428808
144,2790.9083651796,2435.9026783645,0.7656585817974,2.446150998663
145,1655.758344664,919.97950674409,1.1939976348189,8.1891123312809
146,603.40369727253,744.18372295014,6.8134316747087,54.910990522988
147,1220.9029737514,717.20887518054,3.9130811368471,29.694361448545
148,352.7846609311,1041.9367541496,5.547455556528,33.200329414023
149,922.47657113757,1241.2557583955,3.1903021289495,14.97682703988
150,918.04336479838,1953.7857714676,2.7508796744674,9.3985737240563
151,1235.9403513687,1016.7539077748,3.1701289999445,19.310885789894
152,2731.1409184176,2473.5088320144,0.68856901468732,2.257275548261
153,587.29595715637,1000.3761511488,3.1257204416242,14.942637560729
154,1121.2388527889,1319.1689747849,2.0269685407455,9.0737677642711
155,971.93039072045,1856.3832978013,2.4605500790284,7.5913375937764
156,667.92962168475,1099.9693663987,3.7059977241538,19.577389001
157,558.93339956826,1434.7231569332,4.2397646024979,20.554472826659
158,1032.4825956405,842.03273784738,3.3118639472931,23.477276504066
159,2148.7305205163,2321.852960808,1.0718002547598,2.953175750988
160,860.51820895668,688.66297914562,3.9682454671889,29.175083215845
161,1065.1569012662,1184.415452365,2.110874196133,9.2512425386497
162,371.16704334878,920.80300634636,5.545859061715,35.900775881503
163,1283.4917545089,1380.7167990611,1.8721260188518,7.6674317186784
164,503.74940670592,1213.3409758194,4.5139595009733,23.35552637469
165,549.18176090929,777.48423552225,4.0140579584003,27.794981253081
166,1872.9066209328,2223.8209972588,1.3160490039449,3.70699434592
167,749.05563749299,1067.5311581994,2.063619511329,8.5906745348013
168,1726.0686341248,1239.7620778709,0.60243612676799,5.2555180956693
169,1458.3616098222,2338.1264267331,1.6191531881375,3.9536093897607
170,780.42763051303,1811.8130091183,2.9213572413812,10.111668877905
171,669.99401149044,756.32275784258,4.6355035352022,34.770835371175
172,2830.680982791,2438.8780438572,0.68458629642913,2.3104832896029
173,2623.0379406049,2346.06044024,0.87613575971069,2.7213535584662
174,916.74407674313,757.75512561634,4.7252756305662,33.895475657247
175,246.23406069464,715.65253420075,8.1766104031729,72.35301928174
176,757.17074991959,908.78339392311,3.2134348438128,18.361685290846
177,671.33617112698,803.01008118486,3.6695147648867,22.364702025856
178,918.83618075248,1002.2240758301,3.528673260766,19.68655296227
179,1859.3445213568,2328.7351339302,1.2344403172067,3.2674619348501
180,755.50027033502,1037.4000996344,2.2564212834972,10.004232345915
181,880.26260987477,1269.5087885387,1.9215244927571,7.2518094357687
182,320.03276288491,771.01686883361,6.8115907571015,53.876044966335
183,1104.0678117493,1342.0687663061,1.3377836216517,5.3094059497007
184,1282.207631594,1102.0225092307,0.9294745494552,4.8198279886079
185,395.43341300638,1084.5660847892,5.1208408766582,30.351792226941
186,1150.7195210073,1137.9323952378,2.2184064284959,11.094931044083
187,2558.8925052152,2399.2912092007,0.81698002644273,2.5513570284965
188,2063.2022557208,987.92975397152,0.44082091917639,5.5622204736738
189,1377.5706756428,1042.5426297467,1.2918996183742,7.2353788233211
190,324.27209727198,968.45159691256,6.0231361631668,38.902733387581
191,1372.0165704698,1099.1588989506,1.0691449485706,6.5749104667015
192,1578.9946235167,1018.1246631509,0.59341870940422,4.889102559939
193,1504.2272726377,1108.5623319458,0.98828552382681,6.3996377929193
194,2887.7157019293,2564.0181970773,0.62932155732865,2.1028110408396
195,277.75874942562,827.45265080613,7.2554056116421,57.924942046514
196,1315.8154271378,1119.1489425781,1.5889188584361,9.0169749682693
197,992.52196726388,1036.1500873883,3.2451420363642,18.336798488534
198,1503.1167087005,1603.489902256,1.6518924770972,6.0223336311269
199,1327.5438854634,841.98934655117,2.1149987713145,14.1828599709
200,524.6362669815,1050.1671472668,4.0460745884747,21.361391457124
201,869.96026890745,1285.26921071,3.6534472604891,16.584415990882
202,2684.9903597888,2396.4283358496,0.75772801252235,2.4522554841971
203,2085.5530932078,1008.7665999598,0.087825034807391,5.1430773112919
204,1796.9605006688,922.51614296186,0.6042407694033,6.6907921104929
205,342.53138283463,1012.5579781597,5.6325412520252,34.250575921848
206,1021.9383014672,1307.4923213259,2.5608021497905,11.165062408107
207,1466.7173963975,1305.1559857522,1.9707032105084,9.2445016637174
208,1563.0939525882,1377.9294412178,1.9391556723321,8.4111819242852
209,1278.5925709504,1741.058953563,2.1231067224609,6.902104492617
210,589.50163999321,994.54246668365,3.1215982265251,15.07671545701
211,1594.3325484066,1224.9733796243,1.0688962478627,5.9376560744325
212,691.55731435345,1400.3724381082,3.4173534078993,14.596875541474
213,1153.8555660115,1361.6531939536,2.8815873885845,11.573524415925
214,514.08931861439,761.37463531321,3.2146476911639,17.663429652853
215,1181.9479250789,1230.6915794897,1.6006232329776,6.9584373615603
216,1658.2556348555,1994.0271688782,1.7593015764104,5.0624538122561
217,1674.5614407405,1090.7446115627,1.2891752331812,8.0622826313514
218,1831.8296500339,2035.1194460299,1.5106969677122,4.5663835390167
219,1528.5340680224,986.67209528668,0.79175783253825,5.8343431523928
220,658.82497953708,1119.4231335967,2.9023350646679,13.481779224589
221,1892.9415223085,1036.0220675366,0.23379779685846,6.3833525096113
222,566.38251915541,739.60168013717,3.7368562346466,26.058391996824
223,1635.1484217912,1070.87706862,0.37566461011554,4.2833593634059
224,1553.3227619987,2078.7816534784,1.6878127074917,4.8964087809025
225,884.58053872423,998.84617240336,1.5274555027652,6.3068697709089
226,1712.2665975234,1252.9934894355,0.9207753821433,6.0132951731253
227,935.14002760697,1278.6112591547,2.6308573167688,11.818993440128
228,862.50814682717,1594.640894867,2.9186993693563,10.596431441717
229,1474.4074541801,1183.7731705008,1.042469817794,6.4741161439684
230,413.1167904526,1062.2262634853,4.9922432981766,27.970214443323
231,830.16841468728,1048.4447421165,3.8366580193424,21.076934822308
232,2574.8334508528,2420.356146707,0.84141636601755,2.5441186740194
233,968.7854335343,965.31352434054,4.0103148481765,22.357355324022
234,2474.5872690757,2297.9011433745,0.9204259550915,2.8350674583549
235,690.70658939918,921.18981259178,3.9012725615177,23.30849160612
236,344.25908064435,1018.5413533016,5.6603050416201,34.986519302285
237,948.77806383118,957.07519598905,2.4900108337159,13.379779068378
238,511.27755576255,1067.7048950312,4.3792207639003,23.835815661752
239,650.75231761715,572.83061746491,5.2693394631123,48.960274726486
240,2489.9469350175,2392.6700125532,0.85458687069089,2.5670623800746
241,601.89884800381,991.43978945776,2.9694433649187,14.067658581658
242,1024.4779188307,777.67868299535,1.356349623924,8.6499396430096
243,814.65587448681,1517.3526986132,3.0416521414894,12.281201291808
244,1950.3094183823,2583.4714564604,1.0672304112359,2.49668493375
245,780.48331468082,982.35317371031,2.9468890810347,16.091044806187
246,304.91436497543,609.60369470325,5.9973718802904,47.965391921962
247,564.31735107977,1155.9289658944,4.538942130082,25.015958533172
248,515.95441974027,684.19042395524,6.0305823580911,51.555606679602
249,2586.1871489376,2410.194535192,0.81822623391762,2.5206966071587
250,1106.7519896317,966.53247392072,3.0597988485409,16.065319674438
251,2012.8803484368,1025.1582919431,1.0755474030877,8.8904767076987
252,1307.1742619653,1099.2756219874,0.84017570342576,4.417265939479
253,1656.0262432933,896.7003696385,0.033868111915186,3.9455332890201
254,1591.757016112,873.686756632,0.069030329352587,3.2017781970849
255,875.50414619694,1059.8182895999,2.4110138597444,10.893083120358
256,932.83323303978,951.90426642071,2.4510368683586,12.411074531218
257,1288.7196699609,860.84471781223,0.97978112396719,5.178011703001
258,840.57378884075,798.05330041698,3.3915237930921,17.299350037048
259,1783.6850662325,1092.7096678705,0.39639222425791,5.6918974473507
260,1179.6703748475,1105.0147547954,1.9735550240536,8.3105183839363
261,1168.7649471588,1006.1021783681,1.3914094946087,5.0273699980747
262,2010.2370511076,1726.3735100732,1.2706558194984,4.1417846372932
263,1046.67718298,1032.6881701178,2.3311638876267,10.312577827958
264,852.47569293009,740.58227438405,3.6609068113113,21.494577747917
265,293.68952848268,472.63720330577,13.265259938076,191.67458243872
266,212.80128275034,625.65692941999,9.463732641454,95.528767443848
267,482.64795443538,922.58456932051,4.5782296558594,27.824069480805
268,686.77534571511,855.13507949196,2.8625078026522,14.741178226557
269,700.34232031737,952.77533921791,4.0153428019557,24.325051798885
270,1178.0540008488,1771.1149922288,2.3360704895853,7.7360227540476
271,513.77602577705,904.936552797,3.5936032824499,19.435809015628
272,673.01472789916,1125.5570081331,3.4252830026295,16.410397515686
273,1113.6729864742,1322.0550261565,2.463084153695,10.132527385554
274,878.07766946066,1211.3083716424,3.2461760486961,15.27885266465
275,479.72355882617,801.94276673409,4.5799913679577,29.141965050987
276,363.6208484092,684.52202173792,6.4997577837953,54.258775371279
277,1793.0451638706,2115.0065284215,1.5100167338779,4.1942357040898
278,740.8211489309,806.65899228099,5.492545788943,38.270386717746
279,777.09245397891,1096.3355054725,4.3060184815739,23.817002915956
280,779.05113114389,1075.4239528468,4.5540826996935,24.911672189035
281,322.88441208534,920.17966162905,6.3749282336876,44.067648267819
282,672.98344065386,848.67791191705,5.0018781008713,34.011017108753
283,818.29435936628,1906.0525687775,3.0774750518105,11.051263906088
284,1064.3865949979,1580.4879350094,2.7446588982828,10.37970910001
285,2371.4158462719,2409.3951184386,0.90836498664971,2.6241161387902
286,408.64562613373,753.62516832349,5.7432512200345,43.767793459398
287,655.58178381917,1380.7391947626,3.620197969002,16.134777361967
288,1606.3019371524,2407.5658969156,1.4292635946426,3.3286913995523
289,672.0592249737,1377.7751764442,4.023660624844,19.634357519695
290,431.35297148092,679.8360190536,7.4512719874139,64.998879081192
291,771.99700122834,1125.159751783,2.7690358821245,12.60587578003
292,2793.9162782159,2356.1535903084,0.74609504843202,2.4345574863711
293,707.23161007082,503.49407116161,7.0169273173866,74.520976555889
294,861.41179725971,964.64034388336,4.5603593803072,28.937330108104
295,1348.6577968651,1265.2986591235,2.6895640257233,11.138001001906
296,381.60464654381,1056.5682673671,5.2772720245545,30.793569564724
297,804.85190640295,1345.7673592809,4.0157326498291,19.462566816279
298,530.95567007572,1295.2424192543,4.1981857197816,20.510115106904
299,2730.1701520214,2579.7971827386,0.70105627157821,2.1527391692861
300,540.66649706717,928.61530542259,3.6142513909225,19.833495040741
301,800.38085381504,1120.7777117357,3.4022962590915,17.089549915566
302,267.26381720043,682.12777469851,8.0926076530388,73.98875489016
303,1398.7698907957,2262.8441392294,1.6719264699,4.1279780226822
304,602.2876243875,586.26252201733,6.7819034908942,64.667474166186
305,353.99730010441,580.31934484462,8.2327960451445,87.54506527961
306,729.77109766482,1249.7573942169,3.8425795060683,19.447270337015
307,3036.5284713352,2443.0467574647,0.57240417045995,2.1632273401143
308,952.06559460133,1346.0543129377,3.8946943271643,18.715429091886
309,1877.3003003356,2326.8043321474,1.3225326292619,3.2944702196067
310,317.75871092429,947.10828070446,6.0981206882625,39.827036659973
311,482.11113108276,1149.0163516547,4.7305864553411,25.494879531704
312,593.07593982336,875.68334476931,6.1119518024801,42.830679027485
313,2438.8967382828,2564.4463728507,0.85554058940835,2.4043545497628
314,958.55372066756,1369.6925973496,1.8121723777497,6.2407136125595
315,1258.5264645115,1314.8552373961,2.0482722450512,7.6158786191739
316,510.78787783309,1152.9981244395,4.5094145505221,24.086503832558
317,760.6424897649,1391.3653181007,3.6523044857633,15.263541190661
318,568.86798035553,603.20213547478,6.4487758631133,59.77687240862
319,450.86436116766,1172.1270190056,4.7497388683701,25.733757663711
320,507.6185153093,718.77039098415,5.4423072400184,44.338143826532
321,2035.0198530546,2304.1578414231,1.1889309267572,3.2741218937528
322,723.40828017016,774.81129403682,5.6542609652079,38.643584530592
323,2618.5635599237,2439.524863832,0.89462146120332,2.6753996063124
324,975.29620733707,1264.4499873175,2.7867858737686,12.560282394508
325,234.21031243483,721.54665329972,8.279073603955,72.482058313511
326,919.6500721837,1038.0481492809,2.4104512737604,10.322490356052
327,493.64017404627,904.24902715422,4.5996911038293,29.356494445601
328,504.33305621114,853.08434960444,4.7361171064827,30.367882929439
329,1269.8942280882,1930.2667370635,1.9380661280561,5.9605582509472
330,352.27053898273,770.82965698448,6.9564192288282,56.380289077628
331,869.41737345161,1764.3009994573,2.6679644100877,8.8425541449277
332,971.58324695532,1146.4294131133,2.6078625447268,11.492340189561
333,392.8847014614,663.85532580971,6.350598478772,53.817728386191
334,1865.8167613895,2706.4984160659,1.2537915839468,2.8354028825541
335,1899.3041188002,1990.1698925374,1.623077431468,4.6615491055834
336,853.63699621671,447.52763772463,4.9082576246302,47.730095249786
337,901.2876371097,804.48800328039,3.8836474241955,25.8832555188
338,1206.6438979714,933.46331667688,2.6376623910804,13.65938339277
339,312.17833973548,933.27589398223,6.2005359173521,41.191867585816
340,974.50965285438,2030.6379578251,2.5358839220828,7.9072617673964
341,1546.0166341682,2598.8873339543,1.7969616931522,4.530041111675
342,2619.4855825756,2449.422897218,0.78404776857776,2.382060057227
343,463.40113577551,693.77321076989,5.620841403115,45.319686935448
344,1177.215788774,1217.4647825182,1.6697204309866,6.3295606255543
345,422.00431135317,1231.7705137716,5.12142789954,28.977141595818
346,912.66367230774,1868.6697660427,2.5044189144018,7.6913794601871
347,612.76819138836,1071.5410496691,3.9898804005103,21.838958391645
348,441.03775610364,910.3205386091,5.4210305730752,35.105850205747
349,2967.7588397986,2406.8527597464,0.62578258165646,2.2183414146347
350,553.87943734714,681.1946818246,6.2681595568415,50.290256663737
351,674.02104916106,715.51845178036,5.2513961297063,41.095099446105
352,376.72678568934,1036.9426668458,5.3137030999303,31.339928091858
353,838.41073938559,1531.1190511578,2.6452630855115,10.187605750927
354,1168.8412810402,1616.915553195,1.8742852598908,6.1480345478595
355,819.27209393095,1352.6443165436,3.214382818295,14.082971807223
356,2064.5161067675,2338.7943366123,1.128999237209,3.1037983182816
357,590.6767749992,991.02616621297,3.1039252585112,14.876794945085
358,851.8654067116,1269.4295548078,2.2767166121944,8.3353092998715
359,642.8124729747,1033.2743514225,4.9169360483603,29.872856690321
360,2356.6621768262,2905.2812314833,0.75910398611517,1.7677483771149
361,742.33763163627,1022.7296883898,3.9462933010522,22.24535629514
362,243.1038020008,583.54390090176,10.411744502984,122.86347240199
363,2057.4378803429,1970.7513601694,1.4914763669773,4.3885770388845
364,1498.9647125092,1476.2329108138,2.6795645487245,10.82474158349
365,1520.4730404339,1064.8874486942,1.7355884817603,10.001197976081
366,1343.7315493019,1101.0668667055,1.3662712294474,7.1550860191302
367,1195.1770028745,1054.1322040277,1.3203859528192,6.3129179997364
368,1236.1595500338,859.43392244477,1.5341039683789,9.6839748581388
369,920.86371287317,905.27526612966,2.3195101739811,10.986212008783
370,1661.2951283675,1081.144040191,0.41844844765964,5.0958106596194
371,1017.303118861,1323.8738234923,2.9903682337359,12.580808848435
372,892.09075258361,936.21861908913,2.0179113558703,10.361575006891
373,1837.4471137422,1830.2265307644,1.5706496259581,5.0538336148414
374,893.10901804165,803.52786465356,1.997525573957,8.909720065975
375,1269.2748602816,1220.6857089485,1.5748422622739,6.9104020415553
376,1345.8245635052,1140.7119095722,1.4868537060451,7.4190790855305
377,1229.8409459597,770.5968220781,1.6797748125903,9.3879293904242
378,905.36518014688,646.12418520349,3.5725466438412,24.415685999726
379,1350.2108171105,766.01711337996,0.9017983374262,4.5995927314722
380,277.66307848876,690.22906790503,7.9348336575053,71.675748932159
381,664.34506446482,1032.5987940242,3.5209013050331,20.568236901379
382,657.81289237034,1635.2462517387,3.3720031368359,13.260292838335
383,365.57048866493,760.57771936315,5.9809765351786,47.297768882087
384,752.64273350484,1523.6970753676,3.0985021485343,12.613415087887
385,1476.2777678401,2113.0812891029,1.6282385364222,4.6024508414175
386,801.80269241185,1054.996930213,1.8825691818068,7.652459354019
387,866.07965405941,1605.8986119954,3.0659578034942,12.442982624928
388,302.12631637631,760.57684757459,7.197187809534,57.899256870575
389,897.02205884034,1644.036926491,2.8348400478539,10.082675423533
390,1103.6740437524,1255.6324562151,2.5684420697045,12.435022471693
391,522.57279482324,1378.5375867336,4.1072214072,19.470964496478
392,2581.4879147583,2423.0929723501,0.73990566794541,2.421586678636
393,2954.7336358261,2606.3414116784,1.0996250001291,2.414643215299
394,1363.5078330448,1229.13275169,3.1256743686182,16.349548245898
395,326.7976317243,906.23557131696,6.3021135856305,43.10048925494
396,1134.9270654857,1236.4336303848,2.9013461533627,14.786437710695
397,510.64394784794,957.15560703069,5.509061225654,36.239092545744
398,787.25593383557,1353.2146256499,3.8029292443898,17.324232309143
399,1982.6586902263,2106.4572666752,1.4192724664522,4.1939616837154
400,474.3367013793,798.73038872996,4.816834218773,34.930519311065
401,998.62065730702,1410.9156803708,3.000814238345,13.362746527894
402,1262.0894753802,2000.3200209127,2.1270018586192,6.0191579157377
403,1020.3456461629,1175.2516442575,3.0520013488362,16.456764431577
404,490.95918064758,990.75668196883,5.2389644820338,32.634774219939
405,634.22668304402,880.53122387772,6.2066471969091,47.145265102064
406,2073.2051152956,2101.0867678081,1.3200231495627,3.9759572241473
407,1009.1900671022,821.24597134935,5.461947366645,41.810053405167
408,946.47719802811,1110.4047752585,4.7788356473751,26.263563678071
409,1405.818893659,1325.4300851509,2.7953006636766,12.471267446757
410,502.01941801686,1230.7423712639,4.3545240699555,21.321234277881
411,862.43312966217,1255.7170549744,2.9837432418853,14.558444177966
412,928.12384961316,1940.6067362448,2.5258622283511,8.1353502448428
413,525.24961307541,1260.9695595129,4.2834463958326,21.990452282817
414,2221.795929867,2354.9923855336,0.98680515918164,2.8483758785097
415,970.86835463241,1135.0209176298,1.8213737140938,7.5712497219038
416,945.89159872123,1759.4949638164,2.8076756802075,10.3765448541
417,483.01017712596,831.43541270499,4.8385884765135,32.707542311132
418,221.09760770761,522.56074539378,10.271976846564,119.69278186512
419,646.75874184514,1419.1546593003,3.6122107562878,15.434041542471
420,592.91067010671,1005.1774519475,3.7414769024121,21.986552331229
421,359.81282170807,950.53198115319,5.7940686658547,39.338687524636
422,3300.6964971814,2384.2813057334,0.46040005839149,2.1247540771929
423,1348.3426633373,1217.9507225296,3.1350961909528,16.411466885451
424,332.57148047908,918.6609865004,6.1842152251685,41.628501352788
425,1160.835652746,1249.7365157152,2.8565928225312,14.437572176349
426,544.85870640587,1013.4863884345,5.2028503515308,32.332696105225
427,797.87934761131,1378.5375884493,3.6806854606225,16.300881207859
428,1927.9759268971,2057.2727365531,1.5261213057014,4.5253425241253
429,472.72120578988,801.14821663525,4.8101709906965,34.907113585654
430,846.32189384664,1130.5358110993,4.4626473799899,24.16240841204
431,990.24312442932,1401.0573382092,3.010653187158,13.597722374629
432,1208.9681876725,1930.4502839762,2.2451471020047,6.5731606664499
433,956.44953297925,1155.0983518307,3.1488901874647,17.208416462398
434,479.6417112958,948.46087712291,5.287230957063,33.49600586797
435,803.74521077301,1179.1519880634,4.5448471013455,24.299341005383
436,2047.2044624403,2122.7636373042,1.429030783794,4.1974350797022
437,987.7506520363,849.56059100053,5.4177391012246,39.84135352346
438,1952.4591015998,2048.4121226717,1.5379144079156,4.4322644266299
439,1144.8821184449,916.4236763428,3.524521306176,22.98725515163
440,242.52984183401,730.58333922678,8.0539193732259,69.65047085281
441,1040.0255617149,1256.3749962664,1.900069041813,7.2109764308096
442,694.21528131175,876.25731830394,3.0792824171423,17.773425124969
443,572.94923960395,938.31997864534,5.4303751110454,36.357527892198
444,1185.2799220749,1683.7705211115,2.4044260541747,8.3887100723613
445,575.41323834197,1181.8140625892,3.8904170180371,20.86652572352
446,715.73740417561,859.92927598359,2.497927880455,12.432071436688
447,493.82463369543,889.58855793658,3.5334105853729,18.456288351986
448,847.28545132929,930.06075566313,1.7974744209927,7.3437009512094
449,331.68604305932,810.06267568742,5.8153251318476,40.708354305863
450,2988.4639019512,2513.1760465363,0.61337044940244,2.1622365463511
451,3020.0670343726,2895.848620582,0.5811247665397,1.6580728181669
452,2055.0951920807,2547.3026075464,1.3940892142196,3.4631930864347
453,430.85129982842,1037.0380719882,4.9232952771922,28.521534903472
454,613.73917774851,834.93558760251,3.896397854826,24.797197331427
455,621.68039941644,1435.4559003186,3.7450366124849,16.532723861567
456,1048.3915948988,1347.8700083365,2.5807438552985,10.495592150991
457,1656.5412624835,2193.6093687567,1.4870939497035,4.0909180551355
458,614.10970515654,862.21826975908,3.5590084665089,21.001090177827
459,768.3964012861,1595.1033312058,3.1484222631584,12.525563829413
460,1233.8224768481,2175.1575494156,1.9156318619703,4.9677311435195
461,1022.6366339057,909.92317893814,2.7347441046871,14.346173241919
462,542.3617557612,1403.2836641223,4.3150111111535,21.511712283043
463,757.83329901056,1009.6778979213,3.815590936164,22.056710599039
464,2110.4000557884,2259.3119427472,1.1544287277321,3.3843935615667
465,1425.1182116248,936.16454929621,1.8729768130461,8.8391120532005
466,1059.6607516608,1186.6701330665,2.4244126674955,10.848438954907
467,1978.8666593839,1208.4978131632,0.59445855494366,3.8330163847264
468,446.02499895507,1320.9848993617,4.5935637980208,23.173304321766
469,694.71360965839,1350.3452862853,3.6243815231215,16.464934368991
470,1151.2311345579,1335.1058329355,2.4151484167173,10.173482620503
471,964.33770243968,1295.7705228435,2.7178236200728,11.616740445906
472,1036.9856323172,1416.5853171179,2.582273050949,10.572103554468
473,2472.266872234,2432.0607612112,0.86921687972304,2.5737459316375
474,862.27452531625,1155.5445539728,2.0405466350523,7.6413135790504
475,645.7237880473,1265.9989830743,3.7417040864888,17.481079279747
476,765.72770274558,895.30988802012,3.8046181982804,23.843457293473
477,257.0645579476,573.20972224995,8.1889014709041,80.574018327546
478,1183.547872786,1211.6246002489,2.3935376392913,9.5218680178161
479,3066.7305413758,2540.8855029462,0.53136463922513,2.0092918576659
480,654.75169088771,604.11214804277,6.2540854346045,60.200535196987
481,1652.9756011742,1086.8367987312,1.3032947618616,4.8682288256945
482,298.76743476611,762.34540228153,7.5834475188948,61.673496814678
483,631.77479064225,683.75953380733,5.2731390511752,41.601156375271
484,813.92561844182,1105.7389603106,3.3340770112193,17.707059554168
485,1085.2187992336,1395.0068401672,2.4660594472575,9.2821585230488
486,2170.3702784896,2393.9849732934,1.0812942496215,2.9787683653841
487,567.31854410461,1577.184791502,3.8381525040847,16.591332941611
488,799.32882284092,770.83774769788,3.9282821402639,25.071537572711
489,674.56864487245,1420.3730651158,3.5364094152057,15.502402976664
490,1263.4009884934,1696.6496075904,2.3187258908561,7.7235068194612
491,1005.0259752417,1220.1622985184,3.109785589511,15.628144946835
492,430.5430951451,1325.6929994755,5.1507966140045,28.643675749031
493,632.38119922877,860.56669541358,3.7423055602316,20.227417272784
494,2109.4322747409,2275.4573213663,1.1829918987,3.4574970435536
495,1027.1773538321,1069.6515000036,3.7657371390601,19.23420496429
496,1667.8631746262,1991.8415483828,1.7333718880102,5.2347628962311
497,841.56280512835,1105.4850165102,3.1781250729472,17.039509344817
498,252.95400794144,666.42022186759,8.4214673425551,78.440265609853
499,611.21728242321,865.58622487733,3.255238892439,17.784712286529
500,657.95534614104,761.49189792444,2.9711748055027,16.366678334022
501,1055.9412550362,1152.2766853589,1.9990696079581,7.6980501609587
502,1259.1906121998,1759.6165786782,2.2420098857828,7.5069751746364
503,503.1102719929,935.08362930204,3.622813356631,19.673184638833
504,692.90173614945,1284.6672442601,2.6545859222116,10.005211881524
505,745.69680795096,1089.365647943,2.7881629340611,12.403032755887
506,862.16563755733,1596.4554024148,2.7669864144722,10.085694617998
507,645.96088571564,828.22433373101,3.1306597196314,17.412039256407
508,359.77460041689,753.27354550866,5.7918791632629,42.89040608008
509,2727.9680881927,2375.8936677348,0.78130050444078,2.4990835050941
510,1040.6878953261,1150.7774777233,2.7462134554931,12.382057675668
511,319.07203829653,978.06053997254,6.0531716869691,39.054455368709
512,731.43398894908,1151.0103162627,2.6559037566005,11.118113885413
513,424.1649125542,796.02274921143,5.8049900404273,42.901318450813
514,431.35247015388,691.41744834958,6.197190299383,53.84155335699
515,1842.3072755789,1918.2540743805,1.6759473223785,5.0838257520301
516,430.49963794875,1297.8663300169,4.7926349366518,24.995482548716
517,366.6801378458,468.59476980791,4.9477901425413,38.288206218834
518,719.78591041854,1144.607834561,3.737711439657,19.191067769472
519,1393.0109672872,2269.5359498001,1.6920463620356,4.1788927383173
520,1058.2729560854,940.66819067418,2.7533482379545,14.44842482608
521,446.42785066423,1096.7205674743,4.8108483906507,26.561324661407
522,722.9498519689,1105.1178916641,4.4912655097183,24.803249097471
523,1058.8959109599,1741.9592399129,2.3436675703688,8.0160038290025
524,1136.1811278264,922.19058581877,2.6938398168887,13.408142716275
525,1097.4806445881,815.75491117188,3.0598121745188,15.791841601899
526,2192.9822491106,2338.8235904686,1.1197790296243,2.9852817269715
527,578.11271569708,1178.1707645932,3.6506847134197,17.473754064968
528,795.04114578523,1063.495222153,3.9610345579146,22.036566258146
529,1735.8003600013,2628.7476668962,1.3168024260298,3.0190327116191
530,1420.2788179023,1258.3554241792,2.1574289046308,9.2061436023024
531,1726.2842492757,2213.3502083767,1.4130837445216,3.8257683120379
532,715.1081752874,1304.1374011553,3.4245880239369,16.584449941846
533,506.91978062171,585.25628880804,5.207789016492,44.012208930495
534,655.07914386896,1297.9889204118,3.755349937391,17.538224601218
535,664.5293913839,1075.4432449053,4.0403819875586,22.850461784818
536,595.0274179886,937.59150689506,4.6706113848909,30.267997511092
537,374.01409930286,767.68542229136,5.7204915789651,44.247170496395
538,470.90129656919,968.58675498925,5.2856140935761,33.171260422241
539,2920.0767265116,2368.9434970862,0.63972436479622,2.307343222403
540,1253.1050979028,1321.3818535921,2.4772477951697,11.209820547426
541,855.46804052576,1034.9651719212,4.162154269975,23.570901039116
542,323.22953566813,956.2561287251,5.9564562229646,38.312895008002
543,444.02632896815,934.07582298742,5.4195550901764,35.561619103271
544,2003.3114833151,2252.6771004266,1.2744446709021,3.5273284228502
545,451.00606240592,629.35900271571,6.1429380430436,50.923076795518
546,732.72948637031,919.75169801757,4.1563264733322,24.791191862548
547,672.09858923406,1378.7995683578,3.5758635148592,15.78288896779
548,1462.708898229,1635.5149441302,1.339027269022,5.0120302250765
549,1255.6013241137,1407.4294692697,1.599850283818,6.1511179208149
550,685.61743486678,835.43502046451,4.4221150690082,28.899029479889
551,2291.0454696686,2264.7357759194,1.081409797848,3.2636808266069
552,1647.0218997521,2061.6745362952,1.5941925016595,4.7387200940707
553,978.1429749283,667.63290854003,3.7024039670323,29.660543161064
554,235.89730695836,647.82507475256,8.5810972324542,81.704507568993
555,1070.4962444998,937.75403632909,2.4310595566189,12.662124552034
556,346.5514756153,900.51210953586,5.5644681828504,36.229244180157
557,1098.8314439327,1433.1136391002,2.071804537741,8.7337943730277
558,1327.0489728386,1996.4484644996,1.8956924774908,5.6489594321537
559,613.95229736745,896.54050370544,3.1825213728129,16.78794104466
560,666.70628274275,770.06525326013,3.2788040474836,18.965833000016
561,689.40550586872,1005.5054946216,2.8903413080247,13.266164517826
562,769.0640425077,1036.3133636221,2.9208457433595,14.967398198531
563,584.7383624048,1562.6886904171,3.8672783269235,17.204576649625
564,2910.0473306034,2420.3197727592,0.65058042478592,2.2836528785673
565,1143.5726360546,1139.9675922597,2.364828337538,11.715293668605
566,1225.4725120799,1072.9775836296,3.6788014654727,19.929070215104
567,397.87012712935,1163.0286312349,4.9440335441405,26.92454383703
568,403.45088206579,1031.5627320255,5.3975510643629,32.50584401105
569,667.42426426157,687.34759052492,6.1895552657337,55.16179970092
570,1538.0518818206,2015.9520274214,1.7688559038945,5.1578904930474
571,407.47319426773,1236.887195592,5.1880987987578,29.700540616942
572,1187.3606398573,1077.4385559406,2.3212504572172,10.095265623529
573,495.62806132251,1450.0037053838,4.5150077469479,22.33562713825
574,1152.150889074,1549.0728135401,2.7413568081294,9.9423639947789
575,1634.3198673811,2711.8492642551,1.6963877829336,4.2059857501961
576,384.83259501784,1004.1241305128,5.2170147887445,30.707252809403
577,668.67422313878,941.31754849056,4.5055761456219,29.069816351223
578,2238.7966363393,2252.2716303288,1.1183296929797,3.3406140876096
579,2134.4966910451,2827.7729647861,1.4684124402507,3.4006759492533
580,1401.7302087797,1523.2342104651,3.0372377898998,13.038319628558
581,352.72630570307,949.61877886313,5.608143039972,35.817583096142
582,768.56938394403,845.50491192918,2.9011592262583,16.268525482292
583,530.2926235256,492.13442211399,7.9461762985689,91.894032311294
584,2250.4853665611,2354.9927609579,0.98806450576658,2.7880228520327
585,826.20984021473,1045.1297705419,2.4081617980428,11.07430212536
586,638.49033936421,945.44358890655,3.8190357626763,22.359302393203
587,275.54769429772,740.75611425533,7.7571549585967,68.581594063535
588,881.62359380018,1091.6970079985,2.4845660702023,11.930929419852
589,1165.1391731555,983.01089304918,2.2243177706715,11.370782986255
590,400.87906344131,654.75417224172,4.6082965537299,33.453101092557
591,561.55060318033,623.33947224284,5.4772181496783,48.61177495366
592,2827.2930816632,2421.1661975369,0.74771227182371,2.4558862080589
593,2285.8551363488,2803.7262721785,1.0185839425697,2.3641542139618
594,868.12122334886,896.19637211798,3.8251529594832,22.670160587018
595,784.30114950419,931.24796817349,5.3064702151179,33.078280325693
596,290.98468740261,797.18220343003,7.1257537452113,54.839790770911
597,1227.1130084732,1135.9700723689,1.4904843105104,5.6447573145255
598,533.43618293746,1243.0968776743,4.302503990186,21.646537872924
599,1415.2518644751,1210.5865799602,1.5563874960939,6.5683148092596
600,2032.5233590434,2170.1544420126,1.2645721261462,3.6547259195948
601,424.76255970502,853.27824533489,4.7089303137403,29.004310778893
602,890.1608327776,1063.7685274667,3.200531504097,16.029778050232
603,619.30736124335,1008.5362637155,3.102297792084,14.606591351154
604,1010.4661583389,1163.1273715694,2.9892254144499,14.747818558745
605,1558.6151641396,1396.455008288,1.4477658351931,6.3927881634934
606,868.24387371166,976.35293530336,2.9579180529532,14.502608896964
607,433.41693388815,400.04958950405,9.6951706630447,142.25112972282
608,1032.6362338239,1144.8011207515,2.6043312771132,12.072116081057
609,850.46859769751,1055.8753256605,3.3652477192173,18.014053428285
610,973.82579694265,809.84384542263,3.4397519462972,24.96192308337
611,513.27137801396,879.95191022132,3.7543332122654,22.189192595982
612,592.07689037776,928.78474057132,4.0051591088233,23.870417820489
613,1093.4521032708,1143.2215120936,1.6409095001282,7.4154715369164
614,1315.1908375249,1990.4338848184,1.8290939626674,5.3946478084524
615,831.27569312571,1527.0969692364,2.576815444782,9.3401923181745
616,1489.6517052271,1107.5839798551,0.6120257708108,5.1319023080217
617,1551.6304099608,1482.5745440832,1.2643294222476,5.5430898739541
618,952.82723895195,897.10772448473,1.7001734052126,9.6754685344848
619,1404.270622553,1363.7174654454,0.85966044255643,3.6262511536491
620,730.85758968489,1290.7412657385,3.8463032929387,18.499207011373
621,2785.7738273203,2442.4302448992,0.6998308188409,2.3291916644977
622,1495.7899627979,1116.6025977603,1.5038689205145,8.8664482399354
623,1010.0101544063,1118.0410884122,3.130585307196,15.089843377172
624,1621.4066534293,859.95195758633,1.5704531153257,12.810680909509
625,335.94149183813,945.17681061477,5.8212642247599,37.858561219479
626,1756.4581586674,971.59957230386,0.26495350738299,7.4461223568531
627,1230.9290822633,1102.7114245416,1.4594516519152,7.5207154726422
628,1237.1098457776,871.69229912901,2.9371693438521,19.707235974686
629,1861.9261119011,2254.1133411099,1.322227250436,3.6035702377032
630,505.73895528959,1490.9585913023,4.3315510140136,20.663645265554
631,1161.2886624715,1081.6088576323,2.1404228508857,11.538540438765
632,326.02464025682,874.356920992,6.2239747873935,45.190417533731
633,1399.3318348619,1134.1992753586,1.1517554983535,7.1719195360086
634,1850.3094945007,1073.2587247758,0.42352338929757,6.1251531172692
635,240.07033522364,542.00050066563,10.459323041712,127.58530044712
636,1211.9437012634,937.08807810216,3.1964447790764,19.904507913382
637,3461.4589461266,2552.0798714913,0.2056596358984,1.7504933721882
638,1380.1312608287,1121.5359363651,1.4288000407525,7.8549970832035
639,1009.966060547,1142.1586775322,3.0912513132903,16.064006810305
640,1983.6021617264,978.04455582512,0.23779961978141,7.5038432709565
641,584.13092248311,1484.3653573301,3.4028794381155,13.3649310794
642,1800.5656158797,1243.4950768114,1.0625549855273,7.7438399986871
643,1264.7668150639,1339.4172600235,2.1759133025946,9.2475962345075
644,2423.2252432522,1871.3866167283,1.1409829422448,4.1531594659838
645,813.97284118437,1123.6739728833,2.2295038763681,9.5657160892227
646,1202.0240202668,1206.5234430068,1.9108796496394,8.7917737416328
647,2041.1068923842,1195.0594691277,1.1987125628213,8.3409645905747
648,1498.1039637629,1474.1126133309,1.8253757274049,8.2873499831179
649,1526.3182271047,1172.2358594577,0.65069513688422,4.9860190415063
650,925.15182172011,1436.1249349753,2.257711562654,8.3601637244448
651,1379.8131953945,1221.4548569549,1.481210161816,7.8392860866396
652,2398.9795034158,2212.8917007202,0.95308149128668,3.0201320238923
653,2191.0955139982,1190.0767542101,1.3473558433459,10.049689481289
654,2093.3943609815,894.47441587112,-0.092565521888259,7.9217526882251
655,1024.2613961716,1157.0570503973,2.6532142454612,12.103129559844
656,2012.7817541337,1095.2292957162,0.70090118893075,7.62442762114
657,438.91127698242,1225.5467735305,4.3324417411174,20.876570957054
658,577.32128312319,635.07071759303,5.108056487098,43.008675198766
659,672.02783259824,1447.3619096533,3.663557991851,15.999734401621
660,678.50659847,993.2289509185,4.5775993834792,27.576726844501
661,2142.1152586506,2278.7934210114,1.1488392904834,3.2268418292711
662,757.06568070491,956.6697607747,3.1216978785586,18.100316053718
663,962.64084304608,1369.0957310959,2.5368080759673,10.37330089816
664,298.28108452077,790.66597442051,7.1014734154041,57.263562877487
665,1465.0808349449,1234.5944819355,1.0609325171741,6.3156134318717
666,1083.1957236431,931.39876085232,3.1609824231626,18.728545289655
667,352.34915517125,690.77923452115,4.6520979416138,30.170060789037
668,1085.8193740989,1367.8485012822,2.6939165803231,11.447370723434
669,2408.2266050564,2390.6752600337,0.99838861796589,2.9441160820993
670,1843.8504556655,1485.6399003564,1.4609872000463,6.30901604921
671,2539.9934954591,2229.5527375135,0.96877826221735,3.0637263635875
672,1343.2836069761,791.54750309275,1.5496807714591,7.9914782590504
673,495.09359207614,951.22889570821,3.65804394059,20.085888437015
674,1147.9238536005,907.22056787044,1.2095661381616,6.3709309338565
675,779.20701127034,1023.262990119,3.3652976201082,17.226981970838
676,1249.1899419331,1958.3252688464,1.9879703181902,6.0096225244528
677,659.88944628545,1282.9913104631,3.1924435115771,13.957483533373
678,702.9661813635,1310.1223644469,3.0080757090587,12.341096296733
679,334.08249732971,840.08725421925,6.4723246751966,47.823713884398
680,812.72945770273,817.48811877686,1.9176980071648,9.7239586591919
681,1165.1034076465,2047.9630474409,2.2476044320687,6.7672697709186
682,446.25028659551,1206.4331457341,4.7752670055552,26.169011783891
683,2748.501169326,2430.5921129403,0.72905111338235,2.4063144085515
684,1005.3481657522,1399.1305298119,2.98174821198,12.799518461527
685,2395.4792426919,2823.3915338664,0.87654589718483,2.0157060106544
686,1011.4929285774,1080.8964122064,2.9785467722298,15.049652307087
687,402.44592438252,881.33092027935,5.6380275339396,37.836756296914
688,1225.5054745258,1014.5080828643,1.9270735107306,9.6626152115915
689,887.12865133545,1130.5417730302,1.8168864915113,6.8279085194203
690,1250.1648172061,1124.4298783963,1.5672435683555,9.091692277802
691,2115.9538430276,1696.969589095,1.7087694259147,6.0099002440217
692,377.5979300687,736.72605792568,5.7964112891999,44.636543921272
693,753.31532555842,1249.9359578059,3.3981928809935,15.761987794533
694,361.45283053877,710.98206470263,6.3782444921267,53.67006122396
695,893.28597730895,1179.7536971127,3.3825350463853,16.684349531326
696,1666.9405357233,1250.2391174046,0.30485215560211,3.3092544345925
697,1288.6216080187,1119.1847435636,1.0125335566538,5.4210523597759
698,1871.996695921,1925.3938080349,1.5408302790114,4.9242255094541
699,1802.6883602024,1160.4719758422,0.44129517287631,4.0395400979044
700,1652.9787055184,1120.918550155,0.72039532860401,5.0520608733913
701,434.68725932263,679.64778829805,6.8658016696884,59.523732304247
702,708.12083248363,1309.9468117476,2.9080102124482,12.489086943923
703,1553.9408421773,1272.8642810799,2.1567318191359,11.315082892908
704,767.72439680805,1287.3961584904,3.7662488053119,17.681550102399
705,1043.9329087388,1407.470752178,2.943242975083,12.27480558487
706,1478.9684359872,1771.3930328366,2.0758258473295,6.6210044826205
707,795.63333988049,1290.1279130647,2.6825640340758,10.872448603137
708,1665.4335247365,1204.7817285013,1.4325183430558,8.3843289672422
709,262.7975978442,658.04865244767,8.301168298935,78.395182952262
710,1118.8281684985,1329.5494963467,2.576117109865,10.619971862045
711,904.54798937562,1388.479200178,2.7049610004376,10.773791199899
712,664.03216896837,1456.5401147478,3.3437644095978,13.391417483991
713,1008.7364032785,1466.3498325021,3.049291810223,12.587041452009
714,2288.9485874876,1640.7555425218,1.3925296156673,5.6699202736821
715,2365.0019524986,2344.0544868795,0.91041210313955,2.5844502143273
716,606.6120388228,954.11597049508,5.3013511835426,34.010862214218
717,667.95202683931,672.22380579132,6.0871822030481,56.952996424513
718,985.36797372994,900.72405373014,2.7188337780272,17.943172255384
719,2276.6428900752,1446.3380714865,1.3076872198173,6.3947889918005
720,2769.8941397214,2554.2837757768,0.9024131544977,2.502558385131
721,700.67409196661,721.78122225944,5.3691050791629,41.182011009129
722,737.05025763995,1026.5902539739,4.0067770415564,22.754723956636
723,799.10841493502,908.22337203821,4.0082609380534,24.024298167565
724,1240.0572586561,1266.7017638235,1.9169448087535,7.4985652270774
725,1464.6204575705,2107.6516082819,2.246233811684,6.9114034966386
726,852.80377262351,883.44142642813,4.2999097041799,26.99557888662
727,939.03083493044,1275.4349921517,2.8895274094432,12.375917015695
728,951.99923729001,1102.9952135189,3.3715885114008,16.521855629377
729,792.56805737709,753.189388625,4.2925103673215,30.858646119391
730,1651.3880061672,1804.898932877,1.9486055613515,7.1273412857849
731,580.93214552018,562.34252067433,7.4996745789294,88.815501861659
732,800.74769704488,930.46328755405,2.7142077661807,15.526585590309
733,230.77246750487,670.98402403356,8.7354742186251,82.202197189144
734,651.16881020691,1017.6209085493,3.553434035939,21.098660718355
735,651.37966102268,1618.0894348353,3.409280488864,13.612097124883
736,368.81256183218,765.76164497515,5.9784225183879,46.966685116949
737,759.4276961819,1533.9888426307,3.0680177708806,12.455776460597
738,1299.7072405769,2012.2374162465,1.8500247508436,5.4656664566092
739,797.89914971005,1059.3609425325,1.905371056502,7.8080580734964
740,857.3979570303,1620.767402199,3.0808404297312,12.41918082696
741,674.76579878756,868.34960830853,3.7901351176161,23.717738970339
742,895.15105655435,1634.7724806979,2.8578259688817,10.245964820865
743,961.90577002149,1280.3034332712,3.1668481867078,15.986597488467
744,569.14782442631,1457.5453850294,3.8242827652988,17.03982174676
745,2572.5749595565,2449.4049501659,0.74583222209771,2.3867574555462
746,813.56512008787,1002.089385365,5.0169646536808,29.164959608044
747,1174.7621956669,1026.4224253266,3.6159693873517,22.42089722863
748,348.2220493461,964.82254695861,5.8887972139828,37.794839585454
749,1155.3415457009,1230.7632312546,2.9052057561897,14.95695178814
750,556.73867085918,996.07257638527,5.2402024073267,32.903123780511
751,782.43300257095,1352.7255607832,3.8573688104656,17.748497378184
752,2042.5425300082,2140.9085683847,1.3624670306428,3.9585608902859
753,494.28981253425,795.29734315527,4.6518831551748,33.892657211521
754,794.11158908392,873.84176332469,5.6009648357199,39.355549412497
755,1028.6740506034,1330.6939665409,3.0292756127209,14.378600117414
756,1120.7556459175,1827.2885520323,2.4370506631596,7.5820044999515
757,1063.2087221429,1192.3882578799,2.9890533130809,15.70799318228
758,251.70715913423,501.73195231301,10.143461799306,121.63349795609
759,834.46796728218,1233.3252417806,4.3426931742188,22.107909914085
760,1908.82795371,1988.0480364839,1.5620206471984,5.0236132038303
761,930.84572421746,637.37218977868,6.301852146218,66.200868560102
762,628.36150135414,675.75842764024,6.4772647386459,59.690551657871
763,1287.9695330338,1084.0012894582,2.9280068583632,16.482670916049
764,513.49903553893,1244.9646739723,4.3483291192175,21.308338979951
765,858.43746069441,1248.6855644338,2.9956630180347,14.615582061125
766,473.18114532384,1286.7438860082,4.458290268639,22.548592830484
767,538.11063148493,1280.0846534498,4.2126847404708,21.296904401003
768,2210.7489238501,2377.3586911819,0.98659253954811,2.7991472342336
769,1018.0047132091,1154.9486317285,1.723010300886,7.0977675419317
770,949.97334607167,1798.2954397347,2.7705759533166,10.022449502102
771,525.15937967034,809.65172402734,4.4241506702532,30.091651400957
772,239.96530731925,569.73759445681,9.0507221682321,95.993811706008
773,644.02087059143,1390.3317224658,3.6839923803655,16.015535514714
774,613.78741266871,1013.4818027931,3.5767871039629,20.600850283001
775,381.35850952206,1003.3829600424,5.4751170035185,35.186968787524
776,3242.5735098809,2367.3770961204,0.50557144116659,2.2037101573347
777,987.21669302223,906.38304671605,3.8832088036533,24.026793465089
778,882.61257380846,673.99567042178,3.3189270875694,21.68987979147
779,767.28498618943,607.47401518236,10.608693652009,130.27157351956
780,1289.8872993571,1099.6354212486,3.2841765664119,19.26004847012
781,1125.2544247076,1066.2289937597,3.7669631725901,22.998367028657
782,1322.9906924527,1183.8949962646,3.3649196852185,18.895220333811
783,708.59304971943,553.77672833969,9.8910143570942,117.62162656791
784,1322.5860075056,1118.4763622362,3.221857550114,18.683528936439
785,1194.1095572305,2214.8645015261,2.1613959354424,6.3424396421042
786,245.68059356073,752.07068565836,8.0895893312799,70.349669264061
787,897.36755907644,932.73445957107,2.394603707001,11.797499438559
788,853.28326115827,1056.9680684025,2.729158268394,12.859449384807
789,802.66806200658,932.34172062652,3.0288296447526,17.154549655688
790,1594.6839974607,2007.9985566884,1.5370587333232,4.6895784204207
791,694.82227698986,1173.6006961344,2.9763325996085,13.093197868737
792,336.58032768053,860.89575766679,6.3783070019318,46.141435662739
793,952.05866578637,1915.5311364886,2.5068660642988,7.9412838465487
794,457.98007547979,832.96047352496,4.2102729636415,25.262382001468
795,684.14667464396,1501.0299212389,3.2105543406583,13.279347743981
796,546.14331527674,810.25410680369,4.6682218580756,32.684364643135
797,1399.7071395817,1249.6724268442,1.6884972441759,8.0401167216443
798,2851.3459723656,2462.2653030018,0.66686272226397,2.254412260867
799,1264.26618979,1198.1174473235,1.3038253899627,5.3337076228092
800,1394.4222729031,1241.2301492713,0.8559024831912,4.0330336225959
801,628.41020725036,797.13189126549,6.1523395865169,46.141418825716
802,311.52957902542,893.50406313914,6.3487450055694,43.890854169952
803,1022.0559547403,699.1148932469,4.2811980939319,33.275194336718
804,927.14442634425,746.30304716306,4.0982189703529,30.03535913696
805,2443.2845816006,2345.2270449887,0.89449275262431,2.6912582458171
806,278.88208001918,741.76488898996,6.8138158331932,53.753820407595
807,705.88914429843,1309.7877130618,3.217687844395,13.561282760107
808,306.51392689353,659.30993930766,8.2571768522734,77.933169690233
809,1206.0314202935,2161.6588073759,1.9366741690096,5.0558896534332
810,848.04232335793,1195.4616999527,2.8734037204138,14.194032674249
811,596.92459955851,1690.3190141394,3.8675661560443,16.493740318198
812,517.90316723157,938.0284059244,4.9991780824116,30.928651688446
813,2359.4364807438,2260.744543744,1.0135924593633,3.1292049950681
814,3896.0965881539,2683.8192058749,-0.040018074848109,1.5849214657953
815,468.5715563221,483.11782013756,9.1145523389784,112.90185794933
816,361.03337329932,1064.9651635007,5.3345954696052,30.849830605819
817,795.73234783385,957.95806830495,4.7531466622974,30.824364118898
818,1714.6142582657,1175.3738509001,1.4223976456326,7.5345802494304
819,2425.9489052315,2400.9265813913,0.85384712603248,2.499740551537
820,997.87908395806,1108.2958313456,1.5346276530009,6.2033352843329
821,799.59856078052,1298.9935654852,3.8247482029097,18.602391858182
822,291.46197034054,682.93351941629,7.826744545365,71.804022446078
823,1012.667467693,1402.9891004124,2.8202355440786,10.938793472575
824,1340.3057920354,1007.839320948,1.1536840715043,7.8534551400856
825,924.09291266037,1948.140630429,2.6439659348138,8.7155498211125
826,685.46149980314,1024.2451589698,5.0703505236175,30.749684240924
827,1452.3443220844,1730.6168205292,2.2510041766573,7.4296407928789
828,840.25469431378,910.9068197554,3.8689128628196,23.063175249604
829,731.50475305095,917.19265347506,5.3740012045619,34.853374521193
830,1404.8249872606,849.93654842785,2.8976278483262,18.474524914041
831,402.26500171408,1029.3707907704,5.0129842378689,28.391594682873
832,715.24080974793,1051.4066120288,3.8062085618437,19.424581607575
833,935.28475789543,1058.5288880489,4.0831270366499,21.571056875414
834,1348.1355081025,1659.5001187677,2.4221065451176,8.3776842478479
835,942.31150282722,2191.9307850377,2.5803028450253,7.9554366447673
836,761.30300285031,888.5948612019,4.1603394103838,24.615524418776
837,743.14568898794,1379.9647741552,3.0945932695644,12.32931388644
838,980.00974180523,1728.8177401263,2.6896623822826,8.9593953187208
839,1057.1383737079,1516.3204226371,2.4402053187334,9.5304243276708
840,541.47912675358,1056.6841799631,4.1051384871504,21.539647102241
841,795.47875594313,1169.1604061422,3.8543075542635,21.319891629215
842,1325.6080479464,1048.8331065953,1.3768402183697,6.1021482851528
843,558.16560693706,539.37442447067,4.587847698737,35.169139412214
844,228.80177533548,701.90603899305,8.4526641365173,75.904226167313
845,847.4670862233,851.41956615273,1.6196041301927,7.4980575497572
846,1396.3605793486,2034.3280376162,1.7459929177071,5.0835866279924
847,495.50766538137,893.98456515535,3.6528832328578,19.513428799515
848,736.28605359063,891.83051673557,1.7539785016579,7.8309979613896
849,984.57232458365,1088.3424295116,2.1328860831127,8.6069497876053
850,732.23124448411,1354.8615613548,3.4676767022171,15.314966787031
851,576.82701166,745.7066087388,5.0846502415682,36.283094731059
852,459.21453065914,999.75533479194,4.6584084626998,27.08862742641
853,2811.1681605015,2455.0381383091,0.68892098080205,2.2919229580782
854,587.67360795456,1062.3285381909,4.4168259502227,25.151022230436
855,543.64808112971,945.36344059806,3.5628426180924,17.967225134888
856,341.2887928687,1022.1043096399,5.6849598022632,34.758592036915
857,412.92171029455,585.51506577406,6.1448695280732,53.555288399238
858,431.97889714267,995.58061638752,5.7428649161961,38.395134332696
859,1124.0375177838,979.38976503318,1.706094846102,10.193804238295
860,978.61629330693,1084.350587782,2.6973580182089,13.213127690359
861,2230.7158440648,2224.4438205085,1.1678365094955,3.4674365985645
862,340.49490269511,747.70067325125,5.6442644461977,39.1546417583
863,1325.8108052553,951.93096290829,1.2873029692493,5.8653664331442
864,694.48104586233,1035.0919528869,2.5288212841284,11.784872112269
865,1015.619850608,854.3809827943,3.2018070890366,20.809224829841
866,733.92394232304,1741.6001575874,2.9988466561284,10.704072068511
867,492.97308052276,719.56649421306,7.3605664693295,67.087150058531
868,2149.1450186078,2249.1610848796,1.1215092179303,3.3437916722844
869,950.32971460416,954.82176193653,2.6173504173219,17.008687319841
870,3998.1785528603,3224.475177546,0.11246944515009,1.2399123521477
871,366.53880099746,1083.1295091916,5.2911309642137,30.336272836807
872,594.33754113706,1189.1560990924,4.4292584942374,24.162602532352
873,711.3165103423,1775.804757087,3.2804174994248,12.440471770864
874,1087.7807733768,1266.8673969427,2.4732852884919,11.369271001308
875,647.71593140591,968.21156590019,4.6888842179596,29.350610945824
876,2404.2322154223,2394.4817819132,0.88291292208989,2.555478009131
877,609.66568946941,918.17326356167,3.1463255130055,15.879839216718
878,1576.4142985532,1493.5730022271,1.2915571524426,3.9805824728237
879,1828.754721279,2546.0816506442,1.2551124033971,3.2329196588343
880,704.77741258049,848.89547076364,3.9859494195331,24.694472918366
881,466.61333857765,1305.9051377797,4.5534065615955,22.969951323389
882,768.29405098783,835.22721846311,5.4121584548961,37.660288443864
883,2502.5879235166,2364.092852588,0.8312390860013,2.5578470860929
884,1047.5672275865,968.02140920892,2.1963394562838,11.24511765484
885,523.54821798017,801.26560591555,6.1557688979035,48.463743338483
886,590.56990799549,844.55313106851,5.146018904085,32.84990230174
887,327.43843503701,995.83743265339,5.836761902173,36.51229566403
888,653.989016758,1494.8367301129,3.6605068115801,15.64164154428
889,1640.4496853457,1242.7675866325,0.77437513754044,2.7303175253191
890,2363.2671502025,2531.7924137047,0.9927394286016,2.6960825448302
891,1087.2026983875,1393.6397696429,1.3969198380437,4.3734234691742
892,446.47692228606,842.48147695114,4.568079934001,30.37354305877
893,1863.5749253018,1291.2523395015,0.23500407159455,3.0418624280298
894,488.40471176739,995.71037463446,3.4672348544437,16.364754679943
895,1107.785507719,1152.7272231788,2.0564958371804,10.487575778169
896,1200.3714211816,1519.4478952308,1.7553082250595,6.5136654592302
897,604.31515275637,882.58426405087,3.2073389326155,15.914946357822
898,234.20464341429,680.77032645445,8.453162353626,77.51247166192
899,368.3934672232,654.57547702594,5.3744001638337,42.13064868825
900,1016.1769600878,1692.7434287396,2.2886290810635,8.2880024845985
901,1144.3062879671,1175.9088851505,1.4608235297515,6.461630137977
902,1040.3367356525,1740.4722369716,2.4414945489124,8.3641180756942
903,496.62706857531,956.4637320093,3.9296386266337,22.857858491298
904,924.16485707939,1108.1394339263,2.081562457627,9.4093936599838
905,357.54983792856,799.24408207866,6.70862300007,51.710816277188
906,796.4778321144,1398.9180297664,3.3504355899189,14.007686803545
907,664.11909958844,760.51165068978,3.701649634938,24.396163892903
908,356.90720687984,807.93123008813,5.7356390347904,40.203321844307
909,1018.7793962977,961.39617090311,3.6881137241169,21.536366898552
910,2771.8885562765,2454.0292918754,0.7005502901301,2.2839939706093
911,986.37585881421,1158.4405820844,3.9084162921871,21.709665293195
912,1199.0162932719,1058.669855141,2.0793839676979,12.372377555917
913,481.3462239433,1327.7756361224,4.2302126712786,20.254840272955
914,383.07069256444,783.92895823349,5.6587883984851,41.673701141026
915,2491.6156663474,2889.1000134135,0.67664318288235,1.9157277227653
916,2302.5885833882,1955.2728172182,1.2734863288281,4.0426312779658
917,488.93016660952,1131.280112666,4.8701402249892,27.934254952748
918,808.44892769183,1339.5961272205,3.8600686284731,17.737595560241
919,438.64201595275,882.83537404875,4.52415715925,27.610354636592
920,992.31679514901,1376.0682348851,2.7909397030256,11.313419854867
921,383.58928436371,575.13511631338,6.2314964810718,59.065719635026
922,888.77005249498,1346.2288255892,2.8460236226974,13.059446588824
923,2498.9310195341,2309.6172065899,0.94712107268127,2.9437199039806
924,953.26286098188,400.45349737718,6.3875243640192,79.887562310362
925,711.48404511638,475.8405030703,9.0737293781402,105.17582702715
926,379.97937564904,1134.5548892035,5.1286139518715,28.518040022176
927,567.26889788746,993.42878705715,4.6059487601672,28.536457094292
928,1208.2011647495,996.06394042243,2.9467172493816,17.086089065755
929,1945.4902234512,1987.0610972885,1.4426176985948,4.398319783798
930,612.80147699824,936.05264231675,3.1624409809895,15.835147386892
931,1850.8574255705,2792.0138594746,1.3940703016015,3.263207932787
932,1195.6106426283,979.97010415204,1.6829718520503,9.9800571761774
933,641.36676497671,690.98152396341,6.0557887833766,56.985945662204
934,433.05661680803,462.11745090251,7.1731928542931,90.81579299406
935,1612.5988168831,1268.2222377411,0.78457282443678,3.7248933516802
936,1440.4204694299,1798.9794229216,2.0515956601704,6.5214707172498
937,500.84200559191,772.6100913428,5.8023266018788,41.856586107621
938,620.17230734443,551.20512800754,4.6552955377238,43.840565167035
939,1448.4834747365,966.02375051739,2.394861861284,11.324646251042
940,336.04537190621,911.83811882989,6.1841343028256,41.817713409522
941,954.20122294397,1426.4166760185,2.8574504016133,12.746569565707
942,903.82712445049,793.21350000221,3.9808932890037,27.606647996245
943,1388.0508643406,1167.5864083676,1.2961010731906,4.3193389707516
944,1799.1940399399,1975.3071452699,1.637595028201,4.7766299292553
945,397.48402425181,906.83505169304,5.3254444059777,34.941460136403
946,1183.3497529434,978.59450431262,1.1854654290461,7.0816107249286
947,354.07785923813,1056.9936875486,6.217551905925,42.682448033225
948,1446.1610139805,1189.6666633104,1.4035318967986,8.3456160577645
949,601.89059008895,774.45658894041,4.1800253775028,29.137627234798
950,805.6065568075,729.36889731392,5.1168751787913,40.537761007275
951,984.43906282908,854.93739482805,3.741145530776,24.103023719611
952,1473.9083173518,1830.6100988871,1.9581326876824,6.2748379893752
953,2492.6987850349,2211.7700558393,1.0095823305521,3.1415607968525
954,1003.2853191143,1324.2337150514,3.0831201776735,13.837084407477
955,240.92539800836,693.47637451151,8.4647738404507,78.224436480698
956,409.95882949703,856.6194134733,5.3083358744299,38.566251608397
957,417.79236378184,884.84574823998,5.4472756760505,35.947096792204
958,1066.5390824972,1024.232983748,2.1283675073806,10.581202786779
959,1479.5962586398,2178.2923280317,1.7386878219426,4.9694792531713
960,500.83713926216,742.24581732928,4.2673339237275,27.749742650725
961,808.69288303902,723.90178524612,3.0113607369691,18.681558420127
962,693.25707928224,814.05931705431,3.4256862032774,22.103717907929
963,461.90993996777,850.62683312101,5.0721967328051,35.281141390166
964,1153.3520751874,828.94940075639,1.5926845758693,10.798066659
965,1566.4110392631,1900.208698254,1.9648735192094,5.9354758772032
966,430.91615659359,768.77198048336,6.1478276934123,45.739381995839
967,844.15365309481,878.28071486789,4.1192691261208,23.284430290077
968,1464.8279900428,1886.9356854683,2.0443105296077,6.0479001547085
969,434.52753460553,1034.1923705947,4.7083636033227,26.793703310285
970,1354.2459592253,1331.7629509841,1.0180920217618,4.6052358493532
971,472.99766203896,920.56958634187,5.7793340627579,39.193848668802
972,902.90697132489,805.61759450857,2.8812135392553,20.316729407021
973,3141.6678231837,2649.6827743609,0.5460664119464,1.9338160018945
974,605.2772850242,1098.9178539004,3.037118678016,13.333712120525
975,1849.9811583842,1442.7026592997,2.0503935177147,8.8625630071929
976,445.90706762435,884.36717809045,4.4929894025242,27.635506557672
977,879.96030851271,1620.2840988394,2.8442681274926,9.9487518006125
978,1291.9539475069,2406.71706622,2.0473884080733,5.5191713346247
979,233.44910875865,465.25738350418,10.796327591191,136.18352588266
980,540.53409102385,588.72360528087,4.934650999478,43.04178272539
981,2540.9543795926,2475.9690033167,0.97643929410194,2.8470727491769
982,652.30375996518,529.31916160347,6.147799935363,64.234515838784
983,842.66320467933,532.37740011681,5.4733208293552,47.659361279625
984,1003.1968656437,386.33847173171,5.7389333867385,53.71527853431
985,369.1470303818,1076.4277616216,5.2599160088145,30.125650581602
986,499.15934069461,1197.6577124837,4.974515161961,27.999280650193
987,796.98377578912,1149.3887008033,4.1304110706072,22.449984172022
988,818.18733643583,1162.2150062361,3.676915346328,20.180580123139
989,2401.0260019581,2371.3587120842,0.87366504783783,2.564228435583
990,808.25193371014,829.57716713778,3.058741583847,17.09222033667
991,552.96463962313,1091.3885686794,4.3532915391223,23.498009342941
992,733.55405160329,1423.3859606567,3.3164611543524,13.306976803045
993,610.22873832532,1085.5308630262,4.0519156183176,21.833184320859
994,229.05702795421,483.30704772565,10.594460579696,130.42237376662
995,1654.1157361349,1208.7938432158,1.0664008955548,5.961554574408
996,3004.8315233567,2524.8438487474,0.63506875177301,2.2322625088504
997,1642.6154863924,953.17331447892,2.025041292424,11.135389187288
998,925.67973273005,1213.0764685624,3.0291756908715,13.769204264914
999,302.35653998851,919.21700328491,6.2998889938935,42.553997578305
1000,708.76672121389,707.52103472108,6.4193769706019,54.775062732194
1001,1320.3937715523,1271.6250788833,1.5583048669779,5.6009089395267
1002,2245.4604142967,2406.761017262,1.0070189411317,2.8021615529558
1003,1043.0602220917,1136.000135178,1.6763967155559,7.8876122084093
1004,345.20676994353,992.38731306772,6.0760014819628,40.906198082006
1005,801.84481788596,792.78600971409,2.508175744996,13.14053359194
1006,1413.1459170883,1089.2843229466,1.1288173289542,6.0243572570144
1007,431.87685356962,843.92242045391,3.6516471554895,19.286868408005
1008,665.862021266,437.72172893477,5.1699765422674,62.266730355998
1009,2650.6033289612,2452.2827689183,0.88881709122563,2.6882030188714
1010,1877.5342775691,1301.6210387746,0.87054806206924,4.0119701350185
1011,1759.1171702261,1982.5023720256,1.5835808744046,4.8684360625473
1012,881.78802195071,1157.4683086149,2.7210782170887,13.255028802347
1013,343.77379867945,853.95583734402,6.4161096666076,45.715228997985
1014,1338.4977222521,1171.6417636991,1.5978499918305,6.9451905522539
1015,370.3624003901,960.98371421901,5.4981473078442,35.305469554055
1016,1359.2747884494,956.95031151061,0.91625352066493,4.107865739431
1017,1604.0205233315,2107.7964333151,1.6246573336965,4.5340066777032
1018,897.07054818842,1105.254988954,1.9689920511182,7.7767795542891
1019,715.50643675959,843.6761632821,2.7382341739522,13.838267593963
1020,350.10262070431,669.88223988345,7.2971452102135,66.402811595768
1021,790.78406818499,989.10154197294,3.8445162199472,22.57029332944
1022,956.63462941946,1071.1843959666,2.3574731960653,11.252429845304
1023,525.19399241565,1265.3050669129,3.9795731223981,18.486167337164
1024,951.94965137871,1320.6860841616,2.3935821353372,9.506517865247
1025,2952.3718461077,2438.8392950883,0.62696102159711,2.251093237296
1026,801.43420389312,583.25149399825,4.1026004911674,29.27421430726
1027,1268.5387678809,989.71575003237,1.9765597941698,6.929003261814
1028,571.34617871564,829.51402026719,3.7316599839169,22.566314912767
1029,1284.0773227245,861.6365302301,0.73026270239912,6.343533286748
1030,1428.0630512475,879.68240809906,1.089800342215,8.6111505053016
1031,3571.4667137782,1780.2465204649,1.0405170834479,4.2539375062934
1032,981.46692083461,995.77616586518,1.6439645043744,7.6968973711079
1033,1658.7332292998,851.16045964269,1.0635101603054,10.651609203936
1034,1200.4263142757,682.92154525505,3.849382335322,31.053874785357
1035,1717.6082562129,944.06856366975,0.9644901302899,5.6462421221651
1036,1200.3266111875,1863.8247142025,2.6284191365509,9.508543599705
1037,636.61697071164,523.6117260397,8.2158551874051,92.061131909463
1038,2195.7592362741,850.32237608262,0.67350998284911,5.3965565086714
1039,1112.5669116216,1268.7830871105,2.6783296298676,12.362103361256
1040,793.82067516649,853.13184754594,2.727918422579,14.166178889622
1041,268.49998193419,719.64956462311,7.2109000275874,60.10853194301
1042,638.09056405767,1002.9506840113,3.5583664490437,21.178829378615
1043,584.22200724657,1472.9565494146,3.9001451013584,17.354011478346
1044,353.17445697133,751.56208106453,6.1994442569634,49.8763765566
1045,757.15270600644,1535.2809750267,3.0681636223191,12.460704494952
1046,1360.5609703091,2079.7512785985,1.7559342364583,5.0153707186369
1047,812.31178827805,1067.545352568,1.8741737769547,7.5972201056386
1048,669.24527129245,864.80025713842,3.8827694206382,24.530564077044
1049,920.5523541671,1650.0121638785,2.8130407978379,9.9242268859602
1050,944.78673702888,1256.248199693,3.177495212956,16.296166945309
1051,352.86168839162,1005.0020672405,5.9565834647164,39.790489789842
1052,2618.2732135679,2441.5990072914,0.7123525031561,2.3228256103207
1053,771.07285676945,1116.4618844452,4.3734909476912,22.519210977007
1054,1194.3890929745,1013.7583934248,3.5140904187714,21.837087348996
1055,329.68637704173,918.96070838105,6.1948271754695,41.661423064767
1056,1160.7223324405,1228.2496907166,2.925980104534,15.031492529684
1057,587.08401212257,1027.6778357822,5.0445164758695,30.579894430393
1058,810.38580353836,1392.4039009679,3.757525182183,16.823134972504
1059,1945.5763828316,2091.8458759454,1.4651846210606,4.3479282730093
1060,524.04535039235,812.82439979927,4.479358715297,31.991996098228
1061,807.78796742805,880.44397592607,5.763749560911,41.079110463252
1062,463.70134377997,940.07820749648,5.0600572859959,34.078733640759
1063,1115.4452224525,1874.4410414274,2.3770409766945,7.2306760848127
1064,1058.1148270932,1181.5689679661,2.9778236666946,15.878477009569
1065,256.91190022561,521.66751800639,9.7967014168685,113.28461336838
1066,812.77725544182,1186.2437153886,4.5555938284355,24.30630955376
1067,1836.282836309,1924.0310805033,1.5911747820227,5.1851346427021
1068,929.97386522543,643.49275132932,6.6007945593212,68.718521913012
1069,733.15774599361,571.1933507324,9.629138203961,115.29934569608
1070,1253.4499251807,1091.2845634056,2.9090974412069,16.11446139361
1071,530.1813967424,1288.6485189035,4.1677515239448,19.566834431591
1072,844.87922100198,1251.5394477908,3.0892874336069,15.256765272751
1073,493.52369199982,1328.8898302919,4.3002771487498,21.08371518787
1074,2180.4232685757,2370.6870459338,0.9909375521968,2.7811406885958
1075,1038.4146627191,1155.9285969049,1.6741209987846,6.9283187473898
1076,987.82499038107,1813.3242759032,2.7132214740327,9.7310368967114
1077,528.88932165132,818.6498653329,4.4248413020978,30.024875495099
1078,254.61486249163,616.32263595243,8.3666007559722,82.03034943328
1079,599.97016712448,1352.9394289184,3.8094907439622,16.911915677217
1080,663.03757240653,1052.9607166717,3.3915354708783,18.66749708158
1081,391.93524931323,1030.9248162014,5.3017586969255,33.140222506369
1082,3230.7904798749,2388.7209691686,0.46970940451667,2.1340731474076
1083,778.95308941999,1117.1110769849,4.3879261787068,22.501793044721
1084,1174.0637333987,1007.7795662983,3.6124772406855,22.841822765551
1085,348.71054927839,958.69692748818,5.8972181792405,37.97905804303
